nhs_region,nhs_icb,nhs_ccg,organisation_code,email,
NHS East of England Region,"NHS Bedfordshire, Luton and Milton Keynes ICB","NHS Bedfordshire, Luton and Milton Keynes CCG ",M1J4Y,england.eastofenglanddos@nhs.net,
NHS East of England Region,NHS Cambridgeshire and Peterborough ICB,NHS Cambridgeshire and Peterborough CCG ,06H,england.eastofenglanddos@nhs.net,
NHS East of England Region,NHS Hertfordshire and West Essex ICB,NHS East and North Hertfordshire CCG ,06K,england.eastofenglanddos@nhs.net,
NHS East of England Region,NHS Hertfordshire and West Essex ICB,NHS Herts Valleys CCG ,06N,england.eastofenglanddos@nhs.net,
NHS East of England Region,NHS Hertfordshire and West Essex ICB,NHS West Essex CCG ,07H,england.eastofenglanddos@nhs.net,
NHS East of England Region,NHS Mid and South Essex ICB,NHS Basildon and Brentwood CCG ,99E,england.eastofenglanddos@nhs.net,
NHS East of England Region,NHS Mid and South Essex ICB,NHS Castle Point and Rochford CCG ,99F,england.eastofenglanddos@nhs.net,
NHS East of England Region,NHS Mid and South Essex ICB,NHS Mid Essex CCG ,06Q,england.eastofenglanddos@nhs.net,
NHS East of England Region,NHS Mid and South Essex ICB,NHS Southend CCG ,99G,england.eastofenglanddos@nhs.net,
NHS East of England Region,NHS Mid and South Essex ICB,NHS Thurrock CCG ,07G,england.eastofenglanddos@nhs.net,
NHS East of England Region,NHS Norfolk and Waveney ICB,NHS Norfolk and Waveney CCG ,26A,england.eastofenglanddos@nhs.net,
NHS East of England Region,NHS Suffolk and North East Essex ICB,NHS Ipswich and East Suffolk CCG ,06L,england.eastofenglanddos@nhs.net,
NHS East of England Region,NHS Suffolk and North East Essex ICB,NHS North East Essex CCG ,06T,england.eastofenglanddos@nhs.net,
NHS East of England Region,NHS Suffolk and North East Essex ICB,NHS West Suffolk CCG ,07K,england.eastofenglanddos@nhs.net,
NHS London Region,NHS North Central London ICB,NHS North Central London ICB ,93C,london.dos@selondonics.nhs.uk,
NHS London Region,NHS North East London ICB,NHS North East London ICB ,A3A8R,london.dos@selondonics.nhs.uk,
NHS London Region,NHS North West London ICB,NHS North West London ICB ,W2U3Z,london.dos@selondonics.nhs.uk,
NHS London Region,NHS South East London ICB,NHS South East London ICB ,72Q,london.dos@selondonics.nhs.uk,
NHS London Region,NHS South West London ICB,NHS South West London ICB ,36L,london.dos@selondonics.nhs.uk,
NHS Midlands Region,NHS Birmingham and Solihull ICB,NHS Birmingham and Solihull CCG ,15E,DosLeadsMailbox@wmas.nhs.uk,
NHS Midlands Region,NHS Black Country ICB,NHS Black Country and West Birmingham CCG ,D2P2L,DosLeadsMailbox@wmas.nhs.uk,
NHS Midlands Region,NHS Coventry and Warwickshire ICB,NHS Coventry and Warwickshire CCG ,B2M3M,DosLeadsMailbox@wmas.nhs.uk,
NHS Midlands Region,NHS Herefordshire and Worcestershire ICB,NHS Herefordshire and Worcestershire CCG ,18C,DosLeadsMailbox@wmas.nhs.uk,
NHS Midlands Region,NHS Shropshire and Telford and Wrekin ICB,"NHS Shropshire, Telford and Wrekin CCG ",M2L0M,DosLeadsMailbox@wmas.nhs.uk,
NHS Midlands Region,NHS Staffordshire and Stoke on Trent ICB,NHS Cannock Chase CCG ,04Y,DosLeadsMailbox@wmas.nhs.uk,
NHS Midlands Region,NHS Staffordshire and Stoke on Trent ICB,NHS East Staffordshire CCG ,05D,DosLeadsMailbox@wmas.nhs.uk,
NHS Midlands Region,NHS Staffordshire and Stoke on Trent ICB,NHS North Staffordshire CCG ,05G,DosLeadsMailbox@wmas.nhs.uk,
NHS Midlands Region,NHS Staffordshire and Stoke on Trent ICB,NHS South East Staffordshire and Seisdon Peninsula CCG ,05Q,DosLeadsMailbox@wmas.nhs.uk,
NHS Midlands Region,NHS Staffordshire and Stoke on Trent ICB,NHS Stafford and Surrounds CCG ,05V,DosLeadsMailbox@wmas.nhs.uk,
NHS Midlands Region,NHS Staffordshire and Stoke on Trent ICB,NHS Stoke on Trent CCG ,05W,DosLeadsMailbox@wmas.nhs.uk,
NHS Midlands Region,NHS Derby and Derbyshire ICB,NHS Derby and Derbyshire CCG ,15M,england.eastmidlandsdos@nhs.net,Any for Bassetlaw should be sent to yorkshireandhumber.dos@nhs.net
NHS Midlands Region,"NHS Leicester, Leicestershire and Rutland ICB",NHS East Leicestershire and Rutland CCG ,03W,england.eastmidlandsdos@nhs.net,
NHS Midlands Region,"NHS Leicester, Leicestershire and Rutland ICB",NHS Leicester City CCG ,04C,england.eastmidlandsdos@nhs.net,
NHS Midlands Region,"NHS Leicester, Leicestershire and Rutland ICB",NHS West Leicestershire CCG ,04V,england.eastmidlandsdos@nhs.net,
NHS Midlands Region,NHS Lincolnshire ICB,NHS Lincolnshire CCG ,71E,england.eastmidlandsdos@nhs.net,
NHS Midlands Region,NHS Northamptonshire ICB,NHS Northamptonshire CCG ,78H,england.eastmidlandsdos@nhs.net,
NHS Midlands Region,NHS Nottingham and Nottinghamshire ICB,NHS Nottingham and Nottinghamshire CCG ,52R,england.eastmidlandsdos@nhs.net,
NHS North East and Yorkshire Region,NHS Humber and North Yorkshire ICB,NHS East Riding of Yorkshire CCG ,02Y,yorkshireandhumber.dos@nhs.net,
NHS North East and Yorkshire Region,NHS Humber and North Yorkshire ICB,NHS Hull CCG ,03F,yorkshireandhumber.dos@nhs.net,
NHS North East and Yorkshire Region,NHS Humber and North Yorkshire ICB,NHS North East Lincolnshire CCG ,03H,yorkshireandhumber.dos@nhs.net,
NHS North East and Yorkshire Region,NHS Humber and North Yorkshire ICB,NHS North Lincolnshire CCG ,03K,yorkshireandhumber.dos@nhs.net,
NHS North East and Yorkshire Region,NHS Humber and North Yorkshire ICB,NHS North Yorkshire CCG ,42D,yorkshireandhumber.dos@nhs.net,
NHS North East and Yorkshire Region,NHS Humber and North Yorkshire ICB,NHS Vale of York CCG ,03Q,yorkshireandhumber.dos@nhs.net,
NHS North East and Yorkshire Region,NHS South Yorkshire ICB,NHS Barnsley CCG ,02P,yorkshireandhumber.dos@nhs.net,
NHS North East and Yorkshire Region,NHS South Yorkshire ICB,NHS Bassetlaw CCG ,02Q,yorkshireandhumber.dos@nhs.net,
NHS North East and Yorkshire Region,NHS South Yorkshire ICB,NHS Doncaster CCG ,02X,yorkshireandhumber.dos@nhs.net,
NHS North East and Yorkshire Region,NHS South Yorkshire ICB,NHS Rotherham CCG ,03L,yorkshireandhumber.dos@nhs.net,
NHS North East and Yorkshire Region,NHS South Yorkshire ICB,NHS Sheffield CCG ,03N,yorkshireandhumber.dos@nhs.net,
NHS North East and Yorkshire Region,NHS West Yorkshire ICB,NHS Bradford District and Craven CCG ,36J,yorkshireandhumber.dos@nhs.net,
NHS North East and Yorkshire Region,NHS West Yorkshire ICB,NHS Calderdale CCG ,02T,yorkshireandhumber.dos@nhs.net,
NHS North East and Yorkshire Region,NHS West Yorkshire ICB,NHS Kirklees CCG ,X2C4Y,yorkshireandhumber.dos@nhs.net,
NHS North East and Yorkshire Region,NHS West Yorkshire ICB,NHS Leeds CCG ,15F,yorkshireandhumber.dos@nhs.net,
NHS North East and Yorkshire Region,NHS West Yorkshire ICB,NHS Wakefield CCG ,03R,yorkshireandhumber.dos@nhs.net,
NHS North East and Yorkshire Region,NHS North East and North Cumbria ICB,NHS County Durham CCG ,84H,necsu.northeastdos@nhs.net,
NHS North East and Yorkshire Region,NHS North East and North Cumbria ICB,NHS Newcastle Gateshead CCG ,13T,necsu.northeastdos@nhs.net,
NHS North East and Yorkshire Region,NHS North East and North Cumbria ICB,NHS North Tyneside CCG ,99C,necsu.northeastdos@nhs.net,
NHS North East and Yorkshire Region,NHS North East and North Cumbria ICB,NHS Northumberland CCG ,00L,necsu.northeastdos@nhs.net,
NHS North East and Yorkshire Region,NHS North East and North Cumbria ICB,NHS South Tyneside CCG ,00N,necsu.northeastdos@nhs.net,
NHS North East and Yorkshire Region,NHS North East and North Cumbria ICB,NHS Sunderland CCG ,00P,necsu.northeastdos@nhs.net,
NHS North East and Yorkshire Region,NHS North East and North Cumbria ICB,NHS Tees Valley CCG ,16C,necsu.northeastdos@nhs.net,
NHS North East and Yorkshire Region,NHS North East and North Cumbria ICB,NHS North Cumbria CCG ,01H,england.northwestdos@nhs.net,
NHS North West Region,NHS Cheshire and Merseyside ICB,NHS Cheshire CCG ,27D,england.northwestdos@nhs.net,
NHS North West Region,NHS Cheshire and Merseyside ICB,NHS Halton CCG ,01F,england.northwestdos@nhs.net,
NHS North West Region,NHS Cheshire and Merseyside ICB,NHS Knowsley CCG ,01J,england.northwestdos@nhs.net,
NHS North West Region,NHS Cheshire and Merseyside ICB,NHS Liverpool CCG ,99A,england.northwestdos@nhs.net,
NHS North West Region,NHS Cheshire and Merseyside ICB,NHS South Sefton CCG ,01T,england.northwestdos@nhs.net,
NHS North West Region,NHS Cheshire and Merseyside ICB,NHS Southport and Formby CCG ,01V,england.northwestdos@nhs.net,
NHS North West Region,NHS Cheshire and Merseyside ICB,NHS St Helens CCG ,01X,england.northwestdos@nhs.net,
NHS North West Region,NHS Cheshire and Merseyside ICB,NHS Warrington CCG ,02E,england.northwestdos@nhs.net,
NHS North West Region,NHS Cheshire and Merseyside ICB,NHS Wirral CCG ,12F,england.northwestdos@nhs.net,
NHS North West Region,NHS Greater Manchester ICB,NHS Bolton CCG ,00T,england.northwestdos@nhs.net,
NHS North West Region,NHS Greater Manchester ICB,NHS Bury CCG ,00V,england.northwestdos@nhs.net,
NHS North West Region,NHS Greater Manchester ICB,"NHS Heywood, Middleton and Rochdale CCG ",01D,england.northwestdos@nhs.net,
NHS North West Region,NHS Greater Manchester ICB,NHS Manchester CCG ,14L,england.northwestdos@nhs.net,
NHS North West Region,NHS Greater Manchester ICB,NHS Oldham CCG ,00Y,england.northwestdos@nhs.net,
NHS North West Region,NHS Greater Manchester ICB,NHS Salford CCG ,01G,england.northwestdos@nhs.net,
NHS North West Region,NHS Greater Manchester ICB,NHS Stockport CCG ,01W,england.northwestdos@nhs.net,
NHS North West Region,NHS Greater Manchester ICB,NHS Tameside and Glossop CCG ,01Y,england.northwestdos@nhs.net,
NHS North West Region,NHS Greater Manchester ICB,NHS Trafford CCG ,02A,england.northwestdos@nhs.net,
NHS North West Region,NHS Greater Manchester ICB,NHS Wigan Borough CCG ,02H,england.northwestdos@nhs.net,
NHS North West Region,NHS Lancashire and South Cumbria ICB,NHS Blackburn with Darwen CCG ,00Q,england.northwestdos@nhs.net,
NHS North West Region,NHS Lancashire and South Cumbria ICB,NHS Blackpool CCG ,00R,england.northwestdos@nhs.net,
NHS North West Region,NHS Lancashire and South Cumbria ICB,NHS Chorley and South Ribble CCG ,00X,england.northwestdos@nhs.net,
NHS North West Region,NHS Lancashire and South Cumbria ICB,NHS East Lancashire CCG ,01A,england.northwestdos@nhs.net,
NHS North West Region,NHS Lancashire and South Cumbria ICB,NHS Fylde and Wyre CCG ,02M,england.northwestdos@nhs.net,
NHS North West Region,NHS Lancashire and South Cumbria ICB,NHS Greater Preston CCG ,01E,england.northwestdos@nhs.net,
NHS North West Region,NHS Lancashire and South Cumbria ICB,NHS Morecambe Bay CCG ,01K,england.northwestdos@nhs.net,
NHS North West Region,NHS Lancashire and South Cumbria ICB,NHS West Lancashire CCG ,02G,england.northwestdos@nhs.net,
NHS South East Region,"NHS Buckinghamshire, Oxfordshire and Berkshire West ICB",NHS Berkshire West CCG ,15A,scwcsu.doshub@nhs.net ,
NHS South East Region,"NHS Buckinghamshire, Oxfordshire and Berkshire West ICB",NHS Buckinghamshire CCG ,14Y,scwcsu.doshub@nhs.net ,
NHS South East Region,"NHS Buckinghamshire, Oxfordshire and Berkshire West ICB",NHS Oxfordshire CCG ,10Q,scwcsu.doshub@nhs.net ,
NHS South East Region,NHS Frimley ICB,NHS Frimley CCG ,D4U1Y,scwcsu.doshub@nhs.net ,
NHS South East Region,NHS Hampshire and the Isle of Wight ICB,"NHS Hampshire, Southampton and Isle of Wight CCG ",D9Y0V,scwcsu.doshub@nhs.net ,For Isle of Wight send to iownt.IOWDOS-Team@nhs.net
NHS South East Region,NHS Hampshire and the Isle of Wight ICB,NHS Portsmouth CCG ,10R,scwcsu.doshub@nhs.net ,
NHS South East Region,NHS Kent and Medway ICB,NHS Kent and Medway CCG ,91Q,syheartlandsicb.surreydosteam@nhs.net,
NHS South East Region,NHS Surrey Heartlands ICB,NHS Surrey Heartlands CCG ,92A,syheartlandsicb.surreydosteam@nhs.net,
NHS South East Region,NHS Sussex ICB,NHS Brighton and Hove CCG ,09D,syheartlandsicb.surreydosteam@nhs.net,
NHS South East Region,NHS Sussex ICB,NHS East Sussex CCG ,97R,syheartlandsicb.surreydosteam@nhs.net,
NHS South East Region,NHS Sussex ICB,NHS West Sussex CCG ,70F,syheartlandsicb.surreydosteam@nhs.net,
NHS South West Region,NHS Somerset ICB,NHS Somerset CCG ,11X,scwcsu.doshub@nhs.net ,
NHS South West Region,"NHS Bath and North East Somerset, Swindon and Wiltshire ICB","NHS Bath and North East Somerset, Swindon and Wiltshire CCG ",92G,dosteam.southwest@nhs.net,
NHS South West Region,"NHS Bristol, North Somerset and South Gloucestershire ICB","NHS Bristol, North Somerset and South Gloucestershire CCG ",15C,dosteam.southwest@nhs.net,
NHS South West Region,NHS Gloucestershire ICB,NHS Gloucestershire CCG ,11M,dosteam.southwest@nhs.net,
NHS South West Region,NHS Cornwall and the Isles of Scilly ICB,NHS Kernow CCG ,11N,cornwall.dos@nhs.net,
NHS South West Region,NHS Devon ICB,NHS Devon CCG ,15N,devon.dos@nhs.net,
NHS South West Region,NHS Dorset ICB,NHS Dorset CCG ,11J,doicb.dorset.dos@nhs.net,
